Timestamp,Latitude,Longitude,Class,Observer,ObserverSi,Water Type Chopper,Water Type Satellite,transectNu,permanence,ID,Wet Dry Chopper,Wet Dry Satellite
2024-05-07,-13.65714094,134.3540807,2,Andrew Hoskins,Back Right,,River,m08,P, ,,Wet
2024-05-07,-13.65581642,134.3718297,2,Andrew Hoskins,Back Right,,River/Billabong,m08,P, ,,Wet
2024-05-07,-13.65504369,134.3934158,3,Andrew Hoskins,Back Right,,Billabong,m08,I or E, ,,Dry
2024-05-07,-13.65992773,134.4174947,2,Andrew Hoskins,Back Right,,Stream,m08,I or E,W269,,Dry
2024-05-07,-13.65728627,134.5253459,2,Andrew Hoskins,Back Right,,Billabong,m08,I or E, ,,Dry
2024-05-07,-13.65896224,134.6121387,3,Andrew Hoskins,Back Right,,Waterhole,m08,E, ,,Dry
2024-05-07,-13.65827921,134.6138399,3,Andrew Hoskins,Back Right,,Spring/Wetland,m08,I or E, ,,Dry
2024-05-07,-13.66155424,134.6207765,2,Andrew Hoskins,Back Right,,Stream/Billabong,m08,I or NP, ,,Dry
2024-05-07,-13.65663543,134.6474726,2,Andrew Hoskins,Back Right,,Billabong,m08,I or E, ,,Dry
2024-05-07,-13.55444703,134.5333229,2,Andrew Hoskins,Back Right,,Stream,m10,I, ,, 
2024-05-07,-13.53869052,134.4976003,3,Andrew Hoskins,Back Right,,waterhole,m10,I or E, ,,Dry
2024-05-07,-13.55359759,134.4826631,3,Andrew Hoskins,Back Right,,waterhole,m10,I or E, ,,Dry
2024-05-07,-13.55499,134.4528,2,Andrew Hoskins,Back Right,,stream,m10,I or E,,,
2024-05-07,-13.55375624,134.4002243,3,Andrew Hoskins,Back Right,,Waterhole,m10,I or NP, ,,Dry
2024-05-07,-13.55503454,134.3428979,3,Andrew Hoskins,Back Right,,Spring,m10,I, ,,Dry
2024-05-07,-13.55544,134.3101,3,Andrew Hoskins,Back Right,,Spring,m10,I, ,,Dry
2024-05-07,-13.55539,134.2994,2,Andrew Hoskins,Back Right,,Stream,m10, ,,,
2024-05-07,-13.55547,134.2903,3,Andrew Hoskins,Back Right,,Spring/Wetland,m10,I, ,,Dry
2024-05-07,-13.54850682,134.2714027,2,Andrew Hoskins,Back Right,,Wetland,m10,I,W394,,Wet
2024-05-07,-13.55772,134.2339,3,Andrew Hoskins,Back Right,, ,m10,,,,
2024-05-10,-13.59116,134.0867,3,Andrew Hoskins,Back Right,, ,SW07,,,,
2024-05-10,-13.57594,133.9983,2,Andrew Hoskins,Back Right,, ,SW07,,,,
2024-05-10,-13.53167,133.8344,3,Andrew Hoskins,Back Right,, ,SW07,,,,
2024-05-10,-13.51816,133.8113,3,Andrew Hoskins,Back Right,, ,SW06,,,,
2024-05-10,-13.58918,133.6887,1,Andrew Hoskins,Back Right,, ,SW05,,,,
2024-05-07,-13.65288,134.3135,2,Holly  Lourie,Front Left,, ,M08,,,,
2024-05-07,-13.65121,134.3233,2,Holly  Lourie,Front Left,, ,M08,,,,
2024-05-07,-13.65569,134.3492,2,Holly  Lourie,Front Left,, ,M08,,,,
2024-05-07,-13.65573,134.3702,3,Holly  Lourie,Front Left,, ,M08,,,,
2024-05-07,-13.65603,134.3936,3,Holly  Lourie,Front Left,, ,M08,,,,
2024-05-07,-13.65609,134.3995,3,Holly  Lourie,Front Left,, ,M08,,,,
2024-05-07,-13.65562,134.455,1,Holly  Lourie,Front Left,, ,M08,,,,
2024-05-07,-13.65623,134.5267,2,Holly  Lourie,Front Left,, ,M08,,,,
2024-05-07,-13.65731,134.5722,3,Holly  Lourie,Front Left,, ,M08,,,,
2024-05-07,-13.65685,134.5935,2,Holly  Lourie,Front Left,, ,M08,,,,
2024-05-07,-13.65709,134.609,3,Holly  Lourie,Front Left,, ,M08,,,,
2024-05-07,-13.66015454,134.6195526,2,Holly  Lourie,Front Left,,Stream/Billabong,M08,I or NP, ,,Dry
2024-05-07,-13.65711777,134.6465745,3,Holly  Lourie,Front Left,, ,M08,,,,
2024-05-07,-13.55492,134.5841,3,Holly  Lourie,Front Left,, ,M08,,,,
2024-05-07,-13.55495,134.5805,3,Holly  Lourie,Front Left,, ,M08,,,,
2024-05-07,-13.55441,134.5579,3,Holly  Lourie,Front Left,, ,M10,,,,
2024-05-07,-13.55432,134.544,1,Holly  Lourie,Front Left,, ,M10,,,,
2024-05-07,-13.55435,134.5432,3,Holly  Lourie,Front Left,, ,M10,,,,
2024-05-07,-13.55452,134.5349,3,Holly  Lourie,Front Left,, ,M10,,,,
2024-05-07,-13.55433,134.5287,2,Holly  Lourie,Front Left,Spring,Spring/Stream,M10,I or NP, ,,Wet
2024-05-07,-13.55473444,134.4902772,3,Holly  Lourie,Front Left,, ,M10, ,,,
2024-05-07,-13.55471,134.4244,2,Holly  Lourie,Front Left,, ,M10,,,,
2024-05-07,-13.55446,134.4084,3,Holly  Lourie,Front Left,, ,M10,,,,
2024-05-07,-13.55452,134.405,2,Holly  Lourie,Front Left,, ,M10,,,,
2024-05-07,-13.5547,134.3939,2,Holly  Lourie,Front Left,, ,M10,,,,
2024-05-07,-13.65714094,134.2957193,2,Holly  Lourie,Front Left,, ,M10, ,,,
2024-05-07,-13.65581642,134.2763222,3,Holly  Lourie,Front Left,,Wetland,M10,I to E,W376,,Dry
2024-05-07,-13.65504369,134.2721724,2,Holly  Lourie,Front Left,,Wetland,M10,I or E,W380,,Dry
2024-05-07,-13.65992773,134.268,2,Holly  Lourie,Front Left,, River,M10,P, ,,Wet
2024-05-07,-13.65728627,134.2548,2,Holly  Lourie,Front Left,, ,M10,,,,
2024-05-07,-13.65896224,134.1638,3,Holly  Lourie,Front Left,, ,M10,,,,
2024-05-07,-13.65827921,134.1402,3,Holly  Lourie,Front Left,, ,M10,,,,
2024-05-07,-13.66155424,134.0559,3,Holly  Lourie,Front Left,, ,M10,,,,
2024-05-07,-13.65663543,133.9745517,3,Holly  Lourie,Front Left,Spring,Spring,M10,I, ,,Dry
2024-05-07,-13.55444703,133.8728,3,Holly  Lourie,Front Left,, ,M10,,,,
2024-05-07,-13.53869052,133.8179,2,Holly  Lourie,Front Left,, ,M10,,,,
2024-05-07,-13.55359759,133.6749,1,Holly  Lourie,Front Left,, ,M12,,,,
2024-05-07,-13.55499,133.9001,2,Holly  Lourie,Front Left,, ,M12,,,,
2024-05-07,-13.55375624,134.0764,1,Holly  Lourie,Front Left,, ,M12,,,,
2024-05-07,-13.55503454,134.1139,2,Holly  Lourie,Front Left,, ,M12,,,,
2024-05-07,-13.55544,134.1349474,2,Holly  Lourie,Front Left,Spring,Spring,M12,I or NP, ,, 
2024-05-07,-13.55539,134.2979,3,Holly  Lourie,Front Left,, ,M12,,,,
2024-05-07,-13.55547,134.2979,3,Holly  Lourie,Front Left,, ,M12,,,,
2024-05-07,-13.54850682,134.2974,3,Holly  Lourie,Front Left,, ,M12,,,,
2024-05-07,-13.55772,134.2974,3,Holly  Lourie,Front Left,, ,M12,,,,
2024-05-07,-13.59116,134.2985,3,Holly  Lourie,Front Left,, ,M12,,,,
2024-05-07,-13.57594,134.2998,3,Holly  Lourie,Front Left,, ,M12,,,,
2024-05-07,-13.53167,134.301,3,Holly  Lourie,Front Left,, ,M12,,,,
2024-05-07,-13.51816,134.302,3,Holly  Lourie,Front Left,, ,M12,,,,
2024-05-07,-13.58918,134.3042,3,Holly  Lourie,Front Left,, ,M12,,,,
2024-05-07,-13.65288,134.3301,2,Holly  Lourie,Front Left,Spring,Spring,M12,I or NP,W273,,Wet
2024-05-07,-13.65121,134.3499,2,Holly  Lourie,Front Left,, ,M12,,,,
2024-05-07,-13.65569,134.3717,2,Holly  Lourie,Front Left,, ,M12,,,,
2024-05-07,-13.65573,134.3737,3,Holly  Lourie,Front Left,, ,M12,,,,
2024-05-07,-13.65603,134.3768,3,Holly  Lourie,Front Left,, ,M12,,,,
2024-05-07,-13.65609,134.3916,3,Holly  Lourie,Front Left,, ,M12,,,,
2024-05-07,-13.65562,134.4085071,2,Holly  Lourie,Front Left,Spring,Spring/Wetland,M12,E, ,,Dry
2024-05-07,-13.65623,134.4139,3,Holly  Lourie,Front Left,, ,M12,,,,
2024-05-07,-13.65731,134.4282,3,Holly  Lourie,Front Left,, ,M12,,,,
2024-05-07,-13.65685,134.4767,2,Holly  Lourie,Front Left,, ,M12,,,,
2024-05-07,-13.65709,134.4967,3,Holly  Lourie,Front Left,, ,M12,,,,
2024-05-07,-13.66015454,134.4793,3,Holly  Lourie,Front Left,, ,M12,,,,
2024-05-07,-13.65711777,134.4769,3,Holly  Lourie,Front Left,, ,M12,,,,
2024-05-07,-13.55492,134.4314,3,Holly  Lourie,Front Left,, ,M12,,,,
2024-05-07,-13.55495,134.4268,3,Holly  Lourie,Front Left,, ,M12,,,,
2024-05-07,-13.55441,134.4271,3,Holly  Lourie,Front Left,, ,M12,,,,
2024-05-07,-13.55432,134.4307,3,Holly  Lourie,Front Left,, ,M12,,,,
2024-05-07,-13.55435,134.4321,2,Holly  Lourie,Front Left,, ,M12,,,,
2024-05-07,-13.55452,134.4443,3,Holly  Lourie,Front Left,, ,M12,,,,
2024-05-07,-13.55433,134.4422,3,Holly  Lourie,Front Left,, ,M12,,,,
2024-05-07,-13.55473444,134.4432,3,Holly  Lourie,Front Left,, ,M12,,,,
2024-05-07,-13.55471,134.4438,3,Holly  Lourie,Front Left,, ,M12,,,,
2024-05-07,-13.55446,134.4447,3,Holly  Lourie,Front Left,, ,M12,,,,
2024-05-07,-13.55452,134.4456,3,Holly  Lourie,Front Left,, ,M12,,,,
2024-05-07,-13.5547,134.4449,3,Holly  Lourie,Front Left,, ,M12,,,,
2024-05-07,-13.55534426,134.443,3,Holly  Lourie,Front Left,, ,M12,,,,
2024-05-07,-13.55781468,134.4391,3,Holly  Lourie,Front Left,, ,M12,,,,
2024-05-07,-13.55694802,134.4465,3,Holly  Lourie,Front Left,, ,M12,,,,
2024-05-07,-13.55579,134.4582,3,Holly  Lourie,Front Left,, ,M12,,,,
2024-05-07,-13.55604,134.4925737,3,Holly  Lourie,Front Left,Spring,Spring,M12,I,W196,,Wet
2024-05-07,-13.55564,134.4054,3,Holly  Lourie,Front Left,, ,M12,,,,
2024-05-07,-13.55516,134.3839,3,Holly  Lourie,Front Left,, ,M12,,,,
2024-05-07,-13.55436,134.3728,3,Holly  Lourie,Front Left,, ,M12,,,,
2024-05-07,-13.55154483,134.527,3,Holly  Lourie,Front Left,, ,M08,,,,
2024-05-07,-13.55407,134.6205,3,Holly  Lourie,Front Left,, ,M08,,,,
2024-05-07,-13.55349,134.6294395,3,Holly  Lourie,Front Left,,Billabong/Stream,M08,I or E, ,,Dry
2024-05-07,-13.45241,134.7417,3,Holly  Lourie,Front Left,, ,M08,,,,
2024-05-07,-13.45221,134.8146,3,Holly  Lourie,Front Left,, ,M08,,,,
2024-05-07,-13.45297,134.8546,3,Holly  Lourie,Front Left,, ,M08,,,,
2024-05-07,-13.453,134.9064,3,Holly  Lourie,Front Left,, ,M08,,,,
2024-05-07,-13.45822296,134.9081,3,Holly  Lourie,Front Left,, ,M08,,,,
2024-05-07,-13.52006,134.9853,3,Holly  Lourie,Front Left,, ,M08,,,,
2024-05-07,-13.5223,134.9892,3,Holly  Lourie,Front Left,, ,M08,,,,
2024-05-07,-13.5433,135.0042,3,Holly  Lourie,Front Left,, ,M08,,,,
2024-05-07,-13.54604,135.013,3,Holly  Lourie,Front Left,, ,M08,,,,
2024-05-07,-13.56549,135.0235,3,Holly  Lourie,Front Left,, ,M08,,,,
2024-05-07,-13.56892,135.1144,2,Holly  Lourie,Front Left,, ,M08,,,,
2024-05-07,-13.57314,135.131,1,Holly  Lourie,Front Left,, ,M08,,,,
2024-05-07,-13.5764,135.1380438,2,Holly  Lourie,Front Left,Spring,Spring,M08,NP,RA361,, 
2024-05-07,-13.59457,135.0236,1,Holly  Lourie,Front Left,, ,M08,,,,
2024-05-07,-13.64914,134.9894,2,Holly  Lourie,Front Left,, ,M08,,,,
2024-05-07,-13.65457,134.9818,3,Holly  Lourie,Front Left,, ,M08,,,,
2024-05-07,-13.66647,134.9802,2,Holly  Lourie,Front Left,, ,M08,,,,
2024-05-07,-13.66844,134.966,3,Holly  Lourie,Front Left,, ,M08,,,,
2024-05-07,-13.6718,134.897,2,Holly  Lourie,Front Left,, ,M08,,,,
2024-05-07,-13.69018,134.8749,2,Holly  Lourie,Front Left,, ,M08,,,,
2024-05-07,-13.70097996,134.8004,2,Holly  Lourie,Front Left,, ,M08,,,,
2024-05-07,-13.70383,134.7871,2,Holly  Lourie,Front Left,, ,M08,,,,
2024-05-07,-13.71382,134.7621,2,Holly  Lourie,Front Left,, ,M08,,,,
2024-05-07,-13.74979,134.6861,1,Holly  Lourie,Front Left,, ,M08,,,,
2024-05-07,-13.76297,134.6135,2,Holly  Lourie,Front Left,, ,M08,,,,
2024-05-07,-13.82139,134.6103,2,Holly  Lourie,Front Left,, ,M08,,,,
2024-05-07,-13.82576,134.5839,3,Holly  Lourie,Front Left,, ,M08,,,,
2024-05-08,-13.89233,134.2333,3,Holly  Lourie,Front Left,, ,M06,,,,
2024-05-08,-13.91304,133.9173,2,Holly  Lourie,Front Left,Spring,Spring,M06,I, ,,Dry
2024-05-08,-13.91517,133.9048,2,Holly  Lourie,Front Left,Spring,Spring,M06,I, ,,Dry
2024-05-08,-13.92874,133.8876,2,Holly  Lourie,Front Left,, ,M06,,,,
2024-05-08,-13.93508,133.7587,3,Holly  Lourie,Front Left,, ,M06,,,,
2024-05-08,-13.98704,133.7707,2,Holly  Lourie,Front Left,, ,SW01,,,,
2024-05-08,-13.9758,133.7837,1,Holly  Lourie,Front Left,, ,SW01,,,,
2024-05-08,-13.9504,133.8742,2,Holly  Lourie,Front Left,, ,SW01,,,,
2024-05-08,-13.94675,133.913,3,Holly  Lourie,Front Left,, ,SW01,,,,
2024-05-08,-13.94309,133.9460207,2,Holly  Lourie,Front Left,Spring,Spring,SW01,I,W191,,Dry
2024-05-08,-13.93908,133.9715241,2,Holly  Lourie,Front Left,Spring,Spring,SW01,I, ,,Dry
2024-05-08,-13.93096,133.9869127,2,Holly  Lourie,Front Left,Spring,Spring,SW01,I,RA191,,Dry
2024-05-08,-13.92371,134.0737,1,Holly  Lourie,Front Left,, ,SW01,,,,
2024-05-08,-13.90422,134.192,1,Holly  Lourie,Front Left,, ,SW01,,,,
2024-05-08,-13.8949,134.3741,3,Holly  Lourie,Front Left,, ,M06,,,,
2024-05-08,-13.87754,134.3811,3,Holly  Lourie,Front Left,, ,M06,,,,
2024-05-08,-13.7817811,134.4536,2,Holly  Lourie,Front Left,, ,M06,,,,
2024-05-08,-13.67454,134.4633,2,Holly  Lourie,Front Left,, ,M06,,,,
2024-05-08,-13.6678,134.4938,3,Holly  Lourie,Front Left,, ,M06,,,,
2024-05-08,-13.66256,134.5428,3,Holly  Lourie,Front Left,, ,M06,,,,
2024-05-08,-13.6522,134.5451,3,Holly  Lourie,Front Left,, ,M06,,,,
2024-05-08,-13.65607,134.6314,3,Holly  Lourie,Front Left,, ,M06,,,,
2024-05-08,-13.65549882,134.6432,3,Holly  Lourie,Front Left,, ,M06,,,,
2024-05-08,-13.65721,134.6665,3,Holly  Lourie,Front Left,, ,M06,,,,
2024-05-08,-13.65957,134.7015,3,Holly  Lourie,Front Left,, ,M06,,,,
2024-05-08,-13.65881,134.7083,3,Holly  Lourie,Front Left,, ,M06,,,,
2024-05-08,-13.6584,134.7395,2,Holly  Lourie,Front Left,, ,M06,,,,
2024-05-08,-13.65837,134.762,3,Holly  Lourie,Front Left,, ,M06,,,,
2024-05-08,-13.6576,134.7743,3,Holly  Lourie,Front Left,, ,M06,,,,
2024-05-08,-13.65741,134.8087,3,Holly  Lourie,Front Left,, ,M06,,,,
2024-05-08,-13.65755,134.812,2,Holly  Lourie,Front Left,, ,M06,,,,
2024-05-08,-13.65753,134.8365,3,Holly  Lourie,Front Left,, ,M06,,,,
2024-05-08,-13.65782,134.838,3,Holly  Lourie,Front Left,, ,M06,,,,
2024-05-08,-13.65848,134.8529,3,Holly  Lourie,Front Left,, ,M06,,,,
2024-05-08,-13.65827,134.9582,1,Holly  Lourie,Front Left,, ,M06,,,,
2024-05-08,-13.55683201,135.0268,3,Holly  Lourie,Front Left,, ,M06,,,,
2024-05-08,-13.55583,135.0444,3,Holly  Lourie,Front Left,, ,M06,,,,
2024-05-08,-13.55566,135.0444,3,Holly  Lourie,Front Left,, ,M06,,,,
2024-05-08,-13.55541,135.0444,2,Holly  Lourie,Front Left,, ,M06,,,,
2024-05-08,-13.55538,135.0444,1,Holly  Lourie,Front Left,, ,M06,,,,
2024-05-08,-13.55571,134.2884,2,Holly  Lourie,Front Left,, ,M02,,,,
2024-05-08,-13.55476,134.2884,3,Holly  Lourie,Front Left,, ,M02,,,,
2024-05-08,-13.55484,134.2876,3,Holly  Lourie,Front Left,, ,M02,,,,
2024-05-08,-13.55407,134.2819,3,Holly  Lourie,Front Left,, ,M02,,,,
2024-05-08,-13.55389,134.3801,3,Holly  Lourie,Front Left,, ,M02,,,,
2024-05-08,-13.55284,134.3826,2,Holly  Lourie,Front Left,, ,M02,,,,
2024-05-08,-13.5514,134.3833,2,Holly  Lourie,Front Left,, ,M02,,,,
2024-05-08,-13.5534,134.3851,2,Holly  Lourie,Front Left,, ,M02,,,,
2024-05-08,-13.55332,134.388,2,Holly  Lourie,Front Left,, ,M02,,,,
2024-05-08,-13.55371,134.4083,3,Holly  Lourie,Front Left,, ,M02,,,,
2024-05-08,-13.75522,134.4443,3,Holly  Lourie,Front Left,, ,M02,,,,
2024-05-08,-13.75405,134.4494,3,Holly  Lourie,Front Left,, ,M02,,,,
2024-05-08,-13.75386,134.4979,2,Holly  Lourie,Front Left,, ,M02,,,,
2024-05-08,-13.7537,134.5149,2,Holly  Lourie,Front Left,, ,M02,,,,
2024-05-08,-13.75281,134.5239,3,Holly  Lourie,Front Left,, ,M02,,,,
2024-05-08,-13.77082,134.5704,2,Holly  Lourie,Front Left,, ,M02,,,,
2024-05-08,-13.78074,134.6364,1,Holly  Lourie,Front Left,, ,M02,,,,
2024-05-08,-13.77984,134.6481,2,Holly  Lourie,Front Left,, ,M02,,,,
2024-05-08,-13.78016,134.7044,2,Holly  Lourie,Front Left,, ,M02,,,,
2024-05-08,-13.78560025,134.7899,3,Holly  Lourie,Front Left,, ,M04,,,,
2024-05-08,-13.77990711,134.7903,2,Holly  Lourie,Front Left,, ,M04,,,,
2024-05-08,-13.77855684,134.8998,2,Holly  Lourie,Front Left,, ,M04,,,,
2024-05-08,-13.78045,134.9555,2,Holly  Lourie,Front Left,, ,M04,,,,
2024-05-08,-13.764,134.9656,2,Holly  Lourie,Front Left,, ,M04,,,,
2024-05-08,-13.69555,134.9811,2,Holly  Lourie,Front Left,, ,M04,,,,
2024-05-08,-13.70007,134.994,2,Holly  Lourie,Front Left,, ,M04,,,,
2024-05-08,-13.75405,135.08,2,Holly  Lourie,Front Left,, ,M04,,,,
2024-05-08,-13.75627,135.0149,3,Holly  Lourie,Front Left,, ,M04,,,,
2024-05-08,-13.75569,134.8711,3,Holly  Lourie,Front Left,, ,M04,,,,
2024-05-09,-13.75557,134.4226,3,Holly  Lourie,Front Left,, ,M04,,,,
2024-05-09,-13.75573,134.473,2,Holly  Lourie,Front Left,, ,M04,,,,
2024-05-09,-13.7561,134.5237,3,Holly  Lourie,Front Left,, ,M04,,,,
2024-05-09,-13.75591,134.5579,2,Holly  Lourie,Front Left,, ,M04,,,,
2024-05-09,-13.7566,134.5959,3,Holly  Lourie,Front Left,, ,M04,,,,
2024-05-09,-13.75661,134.6004,3,Holly  Lourie,Front Left,, ,M04,,,,
2024-05-09,-13.7565,134.603,3,Holly  Lourie,Front Left,, ,M04,,,,
2024-05-09,-13.75663,134.6086,2,Holly  Lourie,Front Left,, ,M04,,,,
2024-05-09,-13.75667,134.6435,3,Holly  Lourie,Front Left,, ,M04,,,,
2024-05-09,-13.75653,134.7777,2,Holly  Lourie,Front Left,, ,M04,,,,
2024-05-09,-13.75683,134.7267,2,Holly  Lourie,Front Left,, ,M04,,,,
2024-05-09,-13.75687,134.6867,2,Holly  Lourie,Front Left,, ,M04,,,,
2024-05-09,-13.75736,134.6676,2,Holly  Lourie,Front Left,, ,M04,,,,
2024-05-09,-13.75742,134.6405,2,Holly  Lourie,Front Left,, ,M04,,,,
2024-05-09,-13.75733,134.5822,3,Holly  Lourie,Front Left,, ,M04,,,,
2024-05-09,-13.75733,134.5806,3,Holly  Lourie,Front Left,, ,M04,,,,
2024-05-09,-13.75773,134.5482,3,Holly  Lourie,Front Left,, ,M04,,,,
2024-05-09,-13.75814,134.5412,2,Holly  Lourie,Front Left,, ,M04,,,,
2024-05-09,-13.75814,134.5131,3,Holly  Lourie,Front Left,, ,M04,,,,
2024-05-09,-13.75814,134.5096,2,Holly  Lourie,Front Left,, ,M04,,,,
2024-05-09,-13.75814,134.4934,3,Holly  Lourie,Front Left,, ,M04,,,,
2024-05-09,-13.7881,134.4888,2,Holly  Lourie,Front Left,, ,M04,,,,
2024-05-09,-13.79081,134.4858,2,Holly  Lourie,Front Left,, ,M04,,,,
2024-05-09,-13.80388,134.483,2,Holly  Lourie,Front Left,, ,M04,,,,
2024-05-09,-13.83255,134.4688,2,Holly  Lourie,Front Left,, ,M04,,,,
2024-05-09,-13.95553,134.4268,2,Holly  Lourie,Front Left,, ,M04,,,,
2024-05-09,-13.95551,134.4225,2,Holly  Lourie,Front Left,, ,M04,,,,
2024-05-09,-13.95547,134.4133,2,Holly  Lourie,Front Left,, ,M04,,,,
2024-05-09,-13.95539,134.3992,2,Holly  Lourie,Front Left,, ,M04,,,,
2024-05-09,-13.95535,134.3195,2,Holly  Lourie,Front Left,, ,M04,,,,
2024-05-09,-13.95604,134.3136,2,Holly  Lourie,Front Left,, ,M04,,,,
2024-05-09,-13.95647,134.2713,2,Holly  Lourie,Front Left,, ,M04,,,,
2024-05-09,-13.95642,134.2695,2,Holly  Lourie,Front Left,, ,M04,,,,
2024-05-09,-13.95649,134.2593,2,Holly  Lourie,Front Left,, ,M04,,,,
2024-05-09,-13.95649,134.2823,2,Holly  Lourie,Front Left,, ,M04,,,,
2024-05-09,-13.95676,134.2931,2,Holly  Lourie,Front Left,, ,M04,,,,
2024-05-09,-13.95789,134.1632,2,Holly  Lourie,Front Left,, ,SW02,,,,
2024-05-09,-13.95834,134.1553,2,Holly  Lourie,Front Left,, ,SW02,,,,
2024-05-09,-13.95794,134.0116,2,Holly  Lourie,Front Left,, ,SW02,,,,
2024-05-09,-13.95819,134.007,2,Holly  Lourie,Front Left,, ,SW02,,,,
2024-05-09,-13.89631,133.9706,2,Holly  Lourie,Front Left,, ,SW02,,,,
2024-05-09,-13.85773,133.9031,1,Holly  Lourie,Front Left,, ,SW02,,,,
2024-05-09,-13.85773,133.8870603,1,Holly  Lourie,Front Left,Melaleuca swamp,Melaleuca swamp,SW02,I,W245,, 
2024-05-09,-13.85787,133.8778,2,Holly  Lourie,Front Left,, ,SW02,,,,
2024-05-09,-13.85822,133.8611,2,Holly  Lourie,Front Left,, ,SW02,,,,
2024-05-09,-13.85797,133.7416,1,Holly  Lourie,Front Left,, ,SW02,,,,
2024-05-09,-13.85773,133.676,2,Holly  Lourie,Front Left,, ,SW03,,,,
2024-05-09,-13.85726,134.0934,1,Holly  Lourie,Front Left,, ,SW03,,,,
2024-05-09,-13.83101,134.0928,3,Holly  Lourie,Front Left,, ,SW03,,,,
2024-05-09,-13.85804,134.2014,2,Holly  Lourie,Front Left,, ,SW03,,,,
2024-05-09,-13.70448,134.2199,2,Holly  Lourie,Front Left,, ,SW03,,,,
2024-05-09,-13.76046,134.2451,2,Holly  Lourie,Front Left,, ,SW03,,,,
2024-05-09,-13.77589,134.2626,2,Holly  Lourie,Front Left,, ,SW03,,,,
2024-05-09,-13.78747,134.5093726,2,Holly  Lourie,Front Left,,Waterhole,SW03,NP or P,W422,,Wet
2024-05-09,-13.79807,134.5192,3,Holly  Lourie,Front Left,, ,SW03,,,,
2024-05-09,-13.79913,134.5555628,3,Holly  Lourie,Front Left,,Melaleuca swamp,SW03,I, ,,Dry
2024-05-09,-13.79979,134.5679524,2,Holly  Lourie,Front Left,,Melaleuca swamp,SW03,I,W534,,Dry
2024-05-09,-13.80149,134.5672155,2,Holly  Lourie,Front Left,Melaleuca swamp,Melaleuca swamp,SW03,I, ,,Dry
2024-05-09,-13.81116,134.5870618,2,Holly  Lourie,Front Left,Melaleuca swamp,Melaleuca swamp,SW03,I, ,,Dry
2024-05-09,-13.8566,134.6660332,2,Holly  Lourie,Front Left,Melaleuca swamp,Swamp,SW03,I or NP,W898,,Dry
2024-05-09,-13.85605,134.6219,2,Holly  Lourie,Front Left,, ,SW03,,,,
2024-05-09,-13.85676,134.6325,2,Holly  Lourie,Front Left,, ,SW03,,,,
2024-05-09,-13.85619,134.5033,2,Holly  Lourie,Front Left,, ,SW03,,,,
2024-05-09,-13.85696,134.4872959,2,Holly  Lourie,Front Left,,Waterhole,SW03,I or E,W582,,Dry
2024-05-09,-13.85767,134.4088,2,Holly  Lourie,Front Left,, ,SW03,,,,
2024-05-09,-13.85771,134.099,3,Holly  Lourie,Front Left,, ,SW03,,,,
2024-05-09,-13.8568,134.0954,3,Holly  Lourie,Front Left,, ,SW03,,,,
2024-05-09,-13.85654,134.0632,2,Holly  Lourie,Front Left,, ,SW03,,,,
2024-05-09,-13.85668,134.0511,3,Holly  Lourie,Front Left,, ,SW03,,,,
2024-05-09,-13.85666,133.8622,2,Holly  Lourie,Front Left,, ,SW03,,,,
2024-05-09,-13.85633,133.8303,3,Holly  Lourie,Front Left,, ,SW03,,,,
2024-05-09,-13.85613,133.7325,1,Holly  Lourie,Front Left,, ,SW03,,,,
2024-05-09,-13.85603,133.6374,2,Holly  Lourie,Front Left,, ,SW04,,,,
2024-05-09,-13.85604,133.6545,3,Holly  Lourie,Front Left,, ,SW04,,,,
2024-05-09,-13.85588,133.695,2,Holly  Lourie,Front Left,, ,SW04,,,,
2024-05-09,-13.85463,133.7967551,2,Holly  Lourie,Front Left,Spring,Spring,SW04,NP,RA288,,Wet
2024-05-09,-13.85481,133.7983647,3,Holly  Lourie,Front Left,,Waterhole,SW04,I or E,W288,,Dry
2024-05-09,-13.85572,133.8092195,2,Holly  Lourie,Front Left,,Swamp,SW04,I,W285,,Dry
2024-05-09,-13.85593,133.8266,2,Holly  Lourie,Front Left,, ,SW04,,,,
2024-05-09,-13.85487,133.848,2,Holly  Lourie,Front Left,, ,SW04,,,,
2024-05-09,-13.85487,134.0258,3,Holly  Lourie,Front Left,Spring,Spring,SW04,I, ,,Dry
2024-05-10,-13.85539,134.144,3,Holly  Lourie,Front Left,, ,SW07,,,,
2024-05-10,-13.85554,134.069,3,Holly  Lourie,Front Left,, ,SW07,,,,
2024-05-10,-13.85752,134.0582451,2,Holly  Lourie,Front Left,, ,SW07, , ,, 
2024-05-10,-13.74512,134.0560778,3,Holly  Lourie,Front Left,Spring,Spring,SW07,I,W327,,Wet
2024-05-10,-13.6889,134.0516,3,Holly  Lourie,Front Left,, ,SW07,,,,
2024-05-10,-13.72519,133.8794,2,Holly  Lourie,Front Left,, ,SW07,,,,
2024-05-10,-13.72462,133.861,2,Holly  Lourie,Front Left,, ,SW07,,,,
2024-05-10,-13.72112,133.8506,2,Holly  Lourie,Front Left,, ,SW07,,,,
2024-05-10,-13.72087,133.7819,2,Holly  Lourie,Front Left,, ,SW07,,,,
2024-05-10,-13.72035,133.7788,3,Holly  Lourie,Front Left,Spring,Spring/Stream,SW07,NP or P, ,,Wet
2024-05-10,-13.72066,133.7707517,2,Holly  Lourie,Front Left,,Spring/Stream,SW07,NP or P, ,,Wet
2024-05-10,-13.72202753,133.7692,2,Holly  Lourie,Front Left,Spring,Spring,SW07,NP or P, ,,Wet
2024-05-10,-13.72075,133.7659,2,Holly  Lourie,Front Left,Swamp/Spring,Swamp/Spring,SW07,NP or P, ,,Wet
2024-05-10,-13.72062,133.7558,2,Holly  Lourie,Front Left,, ,SW07,,,,
2024-05-10,-13.72038,133.74,3,Holly  Lourie,Front Left,, ,SW07,,,,
2024-05-10,-13.69516,133.7204,3,Holly  Lourie,Front Left,, ,SW07,,,,
2024-05-10,-13.58723,133.7169,2,Holly  Lourie,Front Left,, ,SW07,,,,
2024-05-10,-13.58235,133.6993,2,Holly  Lourie,Front Left,, ,SW07,,,,
2024-05-10,-13.54694,133.6662,2,Holly  Lourie,Front Left,, ,SW07,,,,
2024-05-10,-13.55738,133.6436871,2,Holly  Lourie,Front Left,Melaleuca Swamp,Melaleuca Swamp,SW07,NP or P, ,,Wet
2024-05-10,-13.58202,133.6919,2,Holly  Lourie,Front Left,Swamp/Spring,Swamp/Spring,SW07,NP or P,W462,,Wet
2024-05-10,-13.60401,133.7324,1,Holly  Lourie,Front Left,, ,SW07,,,,
2024-05-10,-13.52172844,133.7332,3,Holly  Lourie,Front Left,, ,SW07,,,,
2024-05-10,-13.46838,133.8177622,2,Holly  Lourie,Front Left,Spring,Spring,SW07,I, ,,Dry
2024-05-10,-13.39932797,133.8231105,2,Holly  Lourie,Front Left,, ,SW07, , ,, 
2024-05-10,-13.38668195,133.8461,2,Holly  Lourie,Front Left,, ,SW07,,,,
2024-05-10,-13.37316869,133.8549,3,Holly  Lourie,Front Left,, ,SW07,,,,
2024-05-10,-13.3156777,133.8692,3,Holly  Lourie,Front Left,, ,SW06,,,,
2024-05-10,-13.12681682,133.8712,2,Holly  Lourie,Front Left,, ,SW06,,,,
2024-05-10,-13.11215122,133.89177,3,Holly  Lourie,Front Left,, ,SW06, , ,, 
2024-05-10,-13.09351,133.8943469,3,Holly  Lourie,Front Left,Spring,Spring,SW06,I, ,,Wet
2024-05-10,-13.29748,133.9078,2,Holly  Lourie,Front Left,, ,SW06,,,,
2024-05-10,-13.33278817,133.8867,2,Holly  Lourie,Front Left,, ,SW06,,,,
2024-05-10,-13.70347,133.8715,2,Holly  Lourie,Front Left,, ,SW06,,,,
2024-05-10,-13.65463,133.7761,2,Holly  Lourie,Front Left,, ,SW06,,,,
2024-05-10,-13.65501,133.7704,2,Holly  Lourie,Front Left,, ,SW06,,,,
2024-05-10,-13.65457,133.7636,2,Holly  Lourie,Front Left,, ,SW06,,,,
2024-05-10,-13.65431,133.6801,2,Holly  Lourie,Front Left,, ,SW06,,,,
2024-05-10,-13.65222,133.6538,2,Holly  Lourie,Front Left,, ,SW06,,,,
2024-05-10,-13.6521,133.6495,2,Holly  Lourie,Front Left,, ,SW06,,,,
2024-05-10,-13.65207,133.7166,2,Holly  Lourie,Front Left,, ,SW05,,,,
2024-05-10,-13.63181,133.7201,2,Holly  Lourie,Front Left,, ,SW05,,,,
2024-05-10,-13.62072,133.8541,2,Holly  Lourie,Front Left,, ,SW05,,,,
2024-05-10,-13.62165,133.8742,2,Holly  Lourie,Front Left,, ,SW05,,,,
2024-05-10,-13.62269146,133.8961,2,Holly  Lourie,Front Left,, ,SW05,,,,
2024-05-10,-13.62020162,133.9833,2,Holly  Lourie,Front Left,, ,SW05,,,,
2024-05-10,-13.62391484,134.0382,2,Holly  Lourie,Front Left,, ,SW05,,,,
2024-05-10,-13.62171,134.0447,2,Holly  Lourie,Front Left,, ,SW05,,,,
2024-05-10,-13.62221,134.0608,2,Holly  Lourie,Front Left,, ,SW05,,,,
2024-05-10,-13.62171,134.0924,2,Holly  Lourie,Front Left,, ,SW05,,,,
2024-05-10,-13.59933,134.1394,3,Holly  Lourie,Front Left,, ,SW05,,,,
2024-05-10,-13.58833,134.2173,2,Holly  Lourie,Front Left,, ,SW05,,,,
2024-05-10,-13.58802648,134.3053,3,Holly  Lourie,Front Left,, ,M12,,,,
2024-05-10,-13.58778256,134.3023,3,Holly  Lourie,Front Left,, ,M12,,,,
2024-05-10,-13.58636,134.298,3,Holly  Lourie,Front Left,, ,M12,,,,
2024-05-10,-13.54415,134.2968,3,Holly  Lourie,Front Left,, ,M12,,,,
2024-05-10,-13.5401,134.296,3,Holly  Lourie,Front Left,, ,M12,,,,
2024-05-10,-13.53663,134.2957,2,Holly  Lourie,Front Left,, ,M12,,,,
2024-05-10,-13.52287,134.2943,3,Holly  Lourie,Front Left,, ,M12,,,,
2024-05-10,-13.52238,134.2941,3,Holly  Lourie,Front Left,, ,M12,,,,
2024-05-10,-13.52111285,134.295,3,Holly  Lourie,Front Left,, ,M12,,,,
2024-05-10,-13.52015,134.4472,3,Holly  Lourie,Front Left,, ,M12,,,,
2024-05-10,-13.51916,134.5083,3,Holly  Lourie,Front Left,, ,M12,,,,
2024-05-10,-13.51157,134.5459288,2,Holly  Lourie,Front Left,Melaleuca Swamp,Melaleuca Swamp,M14,I or NP,W517,,Dry
2024-05-10,-13.50706,134.5711778,1,Holly  Lourie,Front Left,,Melaleuca Swamp,M14,I, ,,Dry
2024-05-10,-13.49888,134.561095,3,Holly  Lourie,Front Left,, ,M14,,,,
2024-05-10,-13.49751,134.3170339,3,Holly  Lourie,Front Left,,Spring/Stream,M14,I or NP, ,,Wet
2024-05-10,-13.49075,134.2716508,3,Holly  Lourie,Front Left,,Billabong,M14,I or NP, ,,Wet
2024-05-10,-13.48051,134.2698559,2,Holly  Lourie,Front Left,,Billabong,M14,P,RA555,,Wet
2024-05-10,-13.4872981,134.2372653,2,Holly  Lourie,Front Left,, ,M14,,,,
2024-05-10,-13.4857,134.1746735,3,Holly  Lourie,Front Left,, ,M14,,,,
2024-05-10,-13.48606,134.1699303,3,Holly  Lourie,Front Left,,Billabong,M14,I or E, ,,Dry
2024-05-10,-13.48601,134.1651998,3,Holly  Lourie,Front Left,,Billabong,M14,I or E, ,,Dry
2024-05-10,-13.48748108,134.1536556,3,Holly  Lourie,Front Left,,River/Billabong/Spring,M14,I, ,,Dry
2024-05-10,-13.48659373,134.1455661,2,Holly  Lourie,Front Left,, ,M14,,,,
2024-05-10,-13.48566,133.9969,3,Holly  Lourie,Front Left,, ,M14,,,,
2024-05-10,-13.48821,133.9063,3,Holly  Lourie,Front Left,, ,M14,,,,
2024-05-10,-13.49154,133.9039,3,Holly  Lourie,Front Left,, ,M14,,,,
2024-05-10,-13.49207,133.8643,3,Holly  Lourie,Front Left,, ,M14,,,,
2024-05-10,-13.49779193,134.026,2,Holly  Lourie,Front Left,, ,M14,,,,
2024-05-10,-13.50164095,134.1402,3,Holly  Lourie,Front Left,, ,M14,,,,
2024-05-10,-13.51763,134.1684,3,Holly  Lourie,Front Left,, ,M14,,,,
2024-05-10,-13.51816,134.2366,1,Holly  Lourie,Front Left,, ,M14,,,,
2024-05-10,-13.51861,134.2533878,2,Holly  Lourie,Front Left,Spring,Spring,M14,I or NP, ,,Wet
2024-05-11,-13.5193,134.3556,2,Holly  Lourie,Front Left,, ,M12,,,,
2024-05-11,-13.51924,134.3563,2,Holly  Lourie,Front Left,, ,M12,,,,
2024-05-11,-13.51902,134.3584,2,Holly  Lourie,Front Left,, ,M12,,,,
2024-05-11,-13.51857,134.3609,2,Holly  Lourie,Front Left,, ,M12,,,,
2024-05-11,-13.51952,134.366,2,Holly  Lourie,Front Left,, ,M12,,,,
2024-05-11,-13.51994,134.371,2,Holly  Lourie,Front Left,, ,M12,,,,
2024-05-11,-13.58827,134.6228,2,Holly  Lourie,Front Left,, ,M12,,,,
2024-05-11,-13.58828,134.6615,2,Holly  Lourie,Front Left,, ,M12,,,,
2024-05-11,-13.58672,134.6701,2,Holly  Lourie,Front Left,, ,M12,,,,
2024-05-11,-13.58666,134.7231,3,Holly  Lourie,Front Left,, ,M12,,,,
2024-05-11,-13.58622,134.7336,2,Holly  Lourie,Front Left,, ,M12,,,,
2024-05-11,-13.58644,134.7489,2,Holly  Lourie,Front Left,, ,M12,,,,
2024-05-11,-13.59556,134.7873,2,Holly  Lourie,Front Left,, ,M12,,,,
2024-05-11,-13.59735,134.7982,2,Holly  Lourie,Front Left,, ,M12,,,,
2024-05-11,-13.6009,134.8339,2,Holly  Lourie,Front Left,, ,M12,,,,
2024-05-11,-13.60302,134.8685,2,Holly  Lourie,Front Left,, ,M12,,,,
2024-05-11,-13.60548,134.9402,1,Holly  Lourie,Front Left,, ,M12,,,,
2024-05-11,-13.62565,134.9887,1,Holly  Lourie,Front Left,, ,M12,,,,
2024-05-11,-13.59665,135.0004,1,Holly  Lourie,Front Left,, ,M12,,,,
2024-05-11,-13.58537,135.0076,1,Holly  Lourie,Front Left,, ,M12,,,,
2024-05-11,-13.56553,135.0109,2,Holly  Lourie,Front Left,, ,M12,,,,
2024-05-11,-13.56002,135.0334,2,Holly  Lourie,Front Left,, ,M12,,,,
2024-05-11,-13.55302,135.0358,2,Holly  Lourie,Front Left,, ,M12,,,,
2024-05-11,-13.55116,135.0526,2,Holly  Lourie,Front Left,, ,M12,,,,
2024-05-11,-13.54221,135.0633,1,Holly  Lourie,Front Left,, ,M12,,,,
2024-05-11,-13.54069,135.0667,2,Holly  Lourie,Front Left,, ,M12,,,,
2024-05-11,-13.45217,135.0744,2,Holly  Lourie,Front Left,, ,M12,,,,
2024-05-11,-13.45395,135.1311,2,Holly  Lourie,Front Left,, ,M12,,,,
2024-05-11,-13.45461,135.1389,2,Holly  Lourie,Front Left,, ,M12,,,,
2024-05-11,-13.40436638,135.1484757,2,Holly  Lourie,Front Left,, ,M12,,,,
2024-05-11,-13.36480202,135.1498938,1,Holly  Lourie,Front Left,,Billabong/River,M12,I or NP, ,,Wet
2024-05-11,-13.35073018,135.1530056,1,Holly  Lourie,Front Left,,Billabong,M12,I or NP, ,,Wet
2024-05-11,-13.35782186,135.1837,1,Holly  Lourie,Front Left,, ,M12,,,,
2024-05-11,-13.35752373,135.183287,1,Holly  Lourie,Front Left,,River,M12,NP or P, ,,Wet
2024-05-11,-13.35650675,135.1657,2,Holly  Lourie,Front Left,, ,M12,,,,
2024-05-11,-13.35706079,135.1503,1,Holly  Lourie,Front Left,, ,M12,,,,
2024-05-11,-13.35045839,135.0804278,1,Holly  Lourie,Front Left,, ,M14,,,,
2024-05-11,-13.34944878,135.0397303,2,Holly  Lourie,Front Left,,Waterhole,M14,I or E, ,,Dry
2024-05-11,-13.35144885,135.0229915,2,Holly  Lourie,Front Left,,River,M14,NP, ,,Wet
2024-05-11,-13.35594913,135.0185561,2,Holly  Lourie,Front Left,,River/Billabong,M14,P, ,,Wet
2024-05-11,-13.34526304,134.9955945,2,Holly  Lourie,Front Left,,Waterhole,M14,I or NP,W556,,Wet
2024-05-11,-13.35164,134.989301,3,Holly  Lourie,Front Left,,Spring,M14,I or NP, ,,Wet
2024-05-11,-13.35079,134.9453974,1,Holly  Lourie,Front Left,,Spring,M14,I or NP, ,,Wet
2024-05-11,-13.3506,134.9018836,2,Holly  Lourie,Front Left,, ,M14,,,,
2024-05-11,-13.39569,134.8901906,2,Holly  Lourie,Front Left,,Stream,M14,I, ,,Dry
2024-05-11,-13.48933,134.878512,2,Holly  Lourie,Front Left,,Waterhole,M14,I,W558,,Dry
2024-05-11,-13.55365,134.8705563,2,Holly  Lourie,Front Left,,River,M14,NP, ,,Wet
2024-05-11,-13.56716,134.8018137,2,Holly  Lourie,Front Left,,Stream,M14,I, ,,Dry
2024-05-11,-13.6041,134.7946162,2,Holly  Lourie,Front Left,,Billabong,M14,I, ,,Dry
2024-05-11,-13.61291061,134.7499863,2,Holly  Lourie,Front Left,,Spring,M14,I, ,,Dry
2024-05-11,-13.60336,134.7440358,2,Holly  Lourie,Front Left,, ,M14,,,,
2024-05-11,-13.60266,134.3937,2,Holly  Lourie,Front Left,, ,M14,,,,
2024-05-11,-13.60022,134.3913,3,Holly  Lourie,Front Left,, ,M14,,,,
2024-05-11,-13.59741,134.3902,2,Holly  Lourie,Front Left,, ,M14,,,,
2024-05-11,-13.59163,134.3783,2,Holly  Lourie,Front Left,, ,M14,,,,
2024-05-11,-13.58607,134.368,2,Holly  Lourie,Front Left,, ,M14,,,,
2024-05-11,-13.45395,134.363,2,Holly  Lourie,Front Left,, ,M14,,,,
2024-05-11,-13.45459,134.3604,3,Holly  Lourie,Front Left,, ,M14,,,,
2024-05-11,-13.45445,134.3579,3,Holly  Lourie,Front Left,, ,M14,,,,
2024-05-11,-13.45456,134.3536,2,Holly  Lourie,Front Left,, ,M14,,,,
2024-05-11,-13.45425,134.3519,2,Holly  Lourie,Front Left,, ,M14,,,,
2024-05-11,-13.45414,134.3498,2,Holly  Lourie,Front Left,, ,M14,,,,
2024-05-11,-13.45409,134.3206,2,Holly  Lourie,Front Left,, ,M14,,,,
2024-05-11,-13.45388,134.3049,2,Holly  Lourie,Front Left,, ,M16,,,,
2024-05-11,-13.45409,134.4746354,2,Holly  Lourie,Front Left,,Waterhole/melaleuca swamp,M16,NP or P,W590,,Wet
2024-05-11,-13.45377,134.3275,3,Holly  Lourie,Front Left,, ,M16,,,,
2024-05-11,-13.45457,134.2060007,2,Holly  Lourie,Front Left,, ,M16,,,,
2024-05-11,-13.4542,134.1410476,1,Holly  Lourie,Front Left,, ,M16,,,,
2024-05-11,-13.45453,134.0889474,2,Holly  Lourie,Front Left,, ,M16,,,,
2024-05-11,-13.45437,134.0652,3,Holly  Lourie,Front Left,Spring,Spring,M16,I, ,Dry,Dry
2024-05-11,-13.45417,134.0471,2,Holly  Lourie,Front Left,, ,M16,,,,
2024-05-11,-13.45344,134.0442,3,Holly  Lourie,Front Left,, ,M16,,,,
2024-05-11,-13.45337,134.017163,2,Holly  Lourie,Front Left,, ,M16,,,,
2024-05-11,-13.45318,133.9980044,2,Holly  Lourie,Front Left,, ,M16,,,,
2024-05-11,-13.45321,133.9896747,2,Holly  Lourie,Front Left,, ,M16,,,,
2024-05-11,-13.45316,133.9737,3,Holly  Lourie,Front Left,, ,M16,,,,
2024-05-11,-13.45321,133.9503,2,Holly  Lourie,Front Left,, ,M16,,,,
2024-05-11,-13.4529,133.928,2,Holly  Lourie,Front Left,, ,M16,,,,
2024-05-11,-13.45298,133.860101,2,Holly  Lourie,Front Left,, ,M16,,,,
2024-05-11,-13.4521666,133.9476,2,Holly  Lourie,Front Left,, ,M16,,,,
2024-05-11,-13.45302184,133.9872187,3,Holly  Lourie,Front Left,, ,M16,,,,
2024-05-11,-13.45342118,133.9974314,3,Holly  Lourie,Front Left,, ,M16,,,,
2024-05-11,-13.42831,134.0056818,3,Holly  Lourie,Front Left,, ,M16,,,,
2024-05-11,-13.42352934,134.0314762,2,Holly  Lourie,Front Left,, ,M16,,,,
2024-05-11,-13.38108,134.0563722,3,Holly  Lourie,Front Left,, ,M16,,,,
2024-05-11,-13.35494,134.0630526,2,Holly  Lourie,Front Left,, ,M16,,,,
2024-05-11,-13.35176217,134.0707803,3,Holly  Lourie,Front Left,,River,M16,I, ,,Wet
2024-05-11,-13.3522682,134.0864953,2,Holly  Lourie,Front Left,,River,M16,NP, ,,Wet
2024-05-11,-13.35227781,134.1091273,3,Holly  Lourie,Front Left,,River,M16,NP or P, ,,Wet
2024-05-11,-13.35206034,134.1129872,3,Holly  Lourie,Front Left,,River,M16,NP or P, ,,Wet
2024-05-11,-13.35608355,134.119324,3,Holly  Lourie,Front Left,,Waterhole,M16,I or E, ,,Dry
2024-05-11,-13.35394007,134.1373655,3,Holly  Lourie,Front Left,,Waterhole,M16,I or E, ,,Dry
2024-05-11,-13.34990428,134.1397264,2,Holly  Lourie,Front Left,,River,M16,P, ,,Wet
2024-05-11,-13.35252924,134.1687,2,Holly  Lourie,Front Left,, ,M18,,,,
2024-05-11,-13.35247315,134.1912,2,Holly  Lourie,Front Left,, ,M18,,,,
2024-05-11,-13.35155895,134.1958,2,Holly  Lourie,Front Left,, ,M18,,,,
2024-05-11,-13.35215148,134.1241,2,Holly  Lourie,Front Left,Spring,Spring,M18,I, ,,Dry
2024-05-11,-13.35273711,133.9529685,3,Holly  Lourie,Front Left,, ,M18,,,,
2024-05-11,-13.35204258,133.9498115,3,Holly  Lourie,Front Left,, ,M18,,,,
2024-05-11,-13.35420188,133.9184418,3,Holly  Lourie,Front Left,, ,M18,,,,
2024-05-11,-13.35292293,133.9781347,1,Holly  Lourie,Front Left,, ,M18,,,,
2024-05-11,-13.5389,133.9900024,3,Holly  Lourie,Front Left,, ,M18,,,,
2024-05-11,-13.54194,133.9983,3,Holly  Lourie,Front Left,, ,M18,,,,
2024-05-11,-13.5435,134.0003,2,Holly  Lourie,Front Left,, ,M18,,,,
2024-05-11,-13.55867,134.0031,2,Holly  Lourie,Front Left,, ,M18,,,,
2024-05-11,-13.57017,134.009277,2,Holly  Lourie,Front Left,, ,M18,,,,
2024-05-11,-13.57548,134.0736948,2,Holly  Lourie,Front Left,, ,M18,,,,
2024-05-11,-13.57812,134.1773202,2,Holly  Lourie,Front Left,, ,M18,,,,
2024-05-11,-13.58081,134.187323,2,Holly  Lourie,Front Left,, ,M18,,,,
2024-05-11,-13.58601,134.1947167,3,Holly  Lourie,Front Left,, ,M18,,,,
2024-05-11,-13.5887,134.3166349,1,Holly  Lourie,Front Left,, ,M18,,,,
2024-05-11,-13.59185,134.3311951,1,Holly  Lourie,Front Left,, ,M18,,,,
2024-05-11,-13.62455,134.3503683,2,Holly  Lourie,Front Left,, ,M18,,,,
2024-05-11,-13.57999,134.3713462,2,Holly  Lourie,Front Left,, ,M18,,,,
2024-05-11,-13.32666374,134.6667482,1,Holly  Lourie,Front Left,, ,M18,,,,
2024-05-11,-13.25094,134.6835,3,Holly  Lourie,Front Left,, ,M18,,,,
2024-05-11,-13.25079047,134.6883795,3,Holly  Lourie,Front Left,, ,M18,,,,
2024-05-11,-13.24957545,134.700464,2,Holly  Lourie,Front Left,, ,M18,,,,
2024-05-11,-13.25245887,134.7709687,2,Holly  Lourie,Front Left,, ,M18,,,,
2024-05-11,-13.25063,134.8183058,2,Holly  Lourie,Front Left,, ,M18,,,,
2024-05-11,-13.25014379,134.8679734,2,Holly  Lourie,Front Left,, ,M18,,,,
2024-05-11,-13.25037,134.8711386,3,Holly  Lourie,Front Left,, ,M18,,,,
2024-05-11,-13.25174612,134.8732789,2,Holly  Lourie,Front Left,, ,M18,,,,
2024-05-11,-13.25046823,134.8754,2,Holly  Lourie,Front Left,, ,M18,,,,
2024-05-11,-13.25002734,134.8907273,2,Holly  Lourie,Front Left,, ,M18,,,,
2024-05-11,-13.25024,134.9487399,2,Holly  Lourie,Front Left,, ,M18,,,,
2024-05-11,-13.24997,134.9531812,3,Holly  Lourie,Front Left,, ,M18,,,,
2024-05-11,-13.24954,134.9656672,2,Holly  Lourie,Front Left,,Billabong,M18,NP or P, ,,Wet
2024-05-11,-13.24227399,134.968,2,Holly  Lourie,Front Left,, ,M18,,,,
2024-05-11,-13.28346,134.9753505,2,Holly  Lourie,Front Left,,Billabong,M18,NP or P, ,,Wet
2024-05-11,-13.29618547,134.9755294,2,Holly  Lourie,Front Left,,Billabong,M18,NP or P, ,,Wet
2024-05-11,-13.30041214,135.0957087,2,Holly  Lourie,Front Left,, ,M18,,,,
2024-05-11,-13.30472975,135.1066591,2,Holly  Lourie,Front Left,, ,M18,,,,
2024-05-11,-13.32068106,135.1222,2,Holly  Lourie,Front Left,, ,M18,,,,
2024-05-11,-13.32965474,135.1415435,2,Holly  Lourie,Front Left,, ,M18,,,,
2024-05-11,-13.32957695,135.1953153,2,Holly  Lourie,Front Left,, ,M18,,,,
2024-05-11,-13.33277375,135.2371027,1,Holly  Lourie,Front Left,, ,M20,,,,
2024-05-11,-13.34380375,135.1868534,2,Holly  Lourie,Front Left,, ,M20,,,,
2024-05-11,-13.34820181,135.1625,2,Holly  Lourie,Front Left,, ,M20,,,,
2024-05-11,-13.34660714,135.1538647,2,Holly  Lourie,Front Left,, ,M20,,,,
2024-05-11,-13.34189127,135.1276941,2,Holly  Lourie,Front Left,, ,M20,,,,
2024-05-11,-13.33905339,135.0144604,2,Holly  Lourie,Front Left,, ,M20,,,,
2024-05-11,-13.34155905,134.971823,2,Holly  Lourie,Front Left,, ,M20,,,,
2024-05-11,-13.3116,134.9652672,2,Holly  Lourie,Front Left,, ,M20,,,,
2024-05-11,-13.29424,134.9339956,2,Holly  Lourie,Front Left,, ,M20,,,,
2024-05-11,-13.28381,134.8785881,2,Holly  Lourie,Front Left,, ,M20,,,,
2024-05-11,-13.23368,134.872111,2,Holly  Lourie,Front Left,, ,M20,,,,
2024-05-11,-13.16993085,134.863401,2,Holly  Lourie,Front Left,, ,M20,,,,
2024-05-11,-13.16394114,134.7682569,2,Holly  Lourie,Front Left,, ,M20,,,,
2024-05-11,-13.15318975,134.671035,3,Holly  Lourie,Front Left,, ,M20,,,,
2024-05-11,-13.14845048,134.6262763,2,Holly  Lourie,Front Left,, ,M20,,,,
2024-05-11,-13.1486733,134.6076,3,Holly  Lourie,Front Left,, ,M20,,,,
2024-05-11,-13.15014,134.5758,2,Holly  Lourie,Front Left,, ,M20,,,,
2024-05-11,-13.15025,134.5723,2,Holly  Lourie,Front Left,, ,M20,,,,
2024-05-11,-13.15027,134.5591116,2,Holly  Lourie,Front Left,, ,M20,,,,
2024-05-11,-13.15080012,134.5086,2,Holly  Lourie,Front Left,, ,M20,,,,
2024-05-11,-13.14918975,134.800713,2,Holly  Lourie,Front Left,, ,M20,,,,
2024-05-12,-13.15031067,134.7233519,2,Holly  Lourie,Front Left,, ,M16,,,,
2024-05-12,-13.15048921,134.7299381,3,Holly  Lourie,Front Left,, ,M16,,,,
2024-05-12,-13.14889023,134.796,2,Holly  Lourie,Front Left,,River,M16,I, ,,Dry
2024-05-12,-13.15134961,134.8203,2,Holly  Lourie,Front Left,, ,M16,,,,
2024-05-12,-13.1517158,134.8073082,3,Holly  Lourie,Front Left,, ,M16,,,,
2024-05-12,-13.15429532,134.7787666,3,Holly  Lourie,Front Left,, ,M16,,,,
2024-05-12,-13.15376,134.7788425,2,Holly  Lourie,Front Left,, ,M16,,,,
2024-05-12,-13.15829849,134.77297,3,Holly  Lourie,Front Left,, ,M16,,,,
2024-05-12,-13.15295,134.7514405,2,Holly  Lourie,Front Left,, ,M16,,,,
2024-05-12,-13.15289975,134.686,2,Holly  Lourie,Front Left,, ,M16,,,,
2024-05-12,-13.15608195,134.5626322,3,Holly  Lourie,Front Left,, ,M16,,,,
2024-05-12,-13.15596563,134.6419582,2,Holly  Lourie,Front Left,, ,M16,,,,
2024-05-12,-13.15543656,134.7514,2,Holly  Lourie,Front Left,, ,M16,,,,
2024-05-12,-13.15024525,134.7655,3,Holly  Lourie,Front Left,, ,M16,,,,
2024-05-12,-13.15241924,134.8168,2,Holly  Lourie,Front Left,, ,M16,,,,
2024-05-12,-13.15247907,134.9095,2,Holly  Lourie,Front Left,, ,M16,,,,
2024-05-12,-13.15243,134.9527,2,Holly  Lourie,Front Left,, ,M16,,,,
2024-05-12,-13.15124371,134.961,3,Holly  Lourie,Front Left,, ,M16,,,,
2024-05-12,-13.15279079,134.9709,2,Holly  Lourie,Front Left,, ,M16,,,,
2024-05-12,-13.15110093,134.9801,2,Holly  Lourie,Front Left,, ,M16,,,,
2024-05-12,-13.15195739,135.0071063,2,Holly  Lourie,Front Left,, ,M16,,,,
2024-05-12,-13.15256,135.017779,2,Holly  Lourie,Front Left,, ,M16,,,,
2024-05-12,-13.15402178,135.0357883,3,Holly  Lourie,Front Left,, ,M16,,,,
2024-05-12,-13.15261283,135.0660912,2,Holly  Lourie,Front Left,, ,M16,,,,
2024-05-12,-13.15222771,135.1417823,2,Holly  Lourie,Front Left,Spring,Spring,M16,I, ,Dry,Dry
2024-05-12,-13.1526625,135.1603,2,Holly  Lourie,Front Left,, ,M16,,,,
2024-05-12,-13.15168,135.1945843,2,Holly  Lourie,Front Left,, ,M16,,,,
2024-05-12,-13.15129094,135.2167128,2,Holly  Lourie,Front Left,, ,M16,,,,
2024-05-12,-13.1507754,135.2211619,1,Holly  Lourie,Front Left,, ,M16,,,,
2024-05-12,-13.1322944,135.2239983,1,Holly  Lourie,Front Left,, ,M16,,,,
2024-05-12,-13.08796326,135.2315454,2,Holly  Lourie,Front Left,, ,M16,,,,
2024-05-12,-13.07471,135.2475637,1,Holly  Lourie,Front Left,, ,M16,,,,
2024-05-12,-13.07015236,135.2627272,2,Holly  Lourie,Front Left,, ,M16,,,,
2024-05-12,-13.05722415,135.2943841,1,Holly  Lourie,Front Left,, ,M16,,,,
2024-05-12,-13.05001218,135.3032,2,Holly  Lourie,Front Left,, ,M16,,,,
2024-05-12,-13.05278164,135.3105308,2,Holly  Lourie,Front Left,, ,M16,,,,
2024-05-12,-13.05210277,135.3305727,1,Holly  Lourie,Front Left,, ,M16,,,,
2024-05-12,-13.0505563,135.3726501,1,Holly  Lourie,Front Left,, ,M16,,,,
2024-05-12,-13.05046616,135.3817,1,Holly  Lourie,Front Left,, ,M14,,,,
2024-05-12,-13.05138522,135.38,1,Holly  Lourie,Front Left,, ,M14,,,,
2024-05-12,-13.05040336,135.3769343,2,Holly  Lourie,Front Left,, ,M14,,,,
2024-05-12,-13.0578203,135.3717577,1,Holly  Lourie,Front Left,, ,M14,,,,
2024-05-12,-13.05070412,135.3761257,2,Holly  Lourie,Front Left,, ,M14,,,,
2024-05-12,-13.05256681,135.3736,2,Holly  Lourie,Front Left,, ,M14,,,,
2024-05-12,-13.05078,135.3687606,2,Holly  Lourie,Front Left,, ,M14,,,,
2024-05-12,-13.05096,135.3636846,2,Holly  Lourie,Front Left,, ,M14,,,,
2024-05-12,-13.05096,135.3493133,1,Holly  Lourie,Front Left,, ,M14,,,,
2024-05-12,-13.05817981,135.3359056,2,Holly  Lourie,Front Left,, ,M14,,,,
2024-05-12,-13.06041,135.3327571,2,Holly  Lourie,Front Left,Spring,Spring,M14,P,W538,,Wet
2024-05-12,-13.12935815,135.3259744,1,Holly  Lourie,Front Left,, ,M14,,,,
2024-05-12,-13.29736583,135.3239183,2,Holly  Lourie,Front Left,, ,M14,,,,
2024-05-12,-13.29202351,135.2723999,2,Holly  Lourie,Front Left,, ,M14,,,,
2024-05-12,-13.22269,135.2679015,1,Holly  Lourie,Front Left,, ,M14,,,,
2024-05-12,-13.19342,135.2482586,1,Holly  Lourie,Front Left,, ,M14,,,,
2024-05-12,-13.17024668,135.2125,2,Holly  Lourie,Front Left,, ,M14,,,,
2024-05-12,-13.17787728,135.1907,2,Holly  Lourie,Front Left,, ,M14,,,,
2024-05-12,-13.180889,135.1810274,2,Holly  Lourie,Front Left,, ,M14,,,,
2024-05-12,-13.18050119,135.1499912,2,Holly  Lourie,Front Left,, ,M14,,,,
2024-05-12,-13.19028564,135.099,2,Holly  Lourie,Front Left,, ,M14,,,,
2024-05-12,-13.20033,135.0508,2,Holly  Lourie,Front Left,, ,M14,,,,
2024-05-12,-13.25421618,135.0061599,2,Holly  Lourie,Front Left,, ,M14,,,,
2024-05-12,-13.25317778,134.9995235,2,Holly  Lourie,Front Left,, ,M14,,,,
2024-05-12,-13.25217,134.9845569,2,Holly  Lourie,Front Left,, ,M14,,,,
2024-05-12,-13.25282,134.9731,2,Holly  Lourie,Front Left,, ,M14,,,,
2024-05-12,-13.25466,134.9633529,2,Holly  Lourie,Front Left,, ,M14,,,,
2024-05-12,-13.25332,134.9400713,2,Holly  Lourie,Front Left,, ,M14,,,,
2024-05-12,-13.25278,134.9249281,2,Holly  Lourie,Front Left,,Waterhole,M14,I or NP,W749,,Wet
2024-05-12,-13.25367,134.9188611,2,Holly  Lourie,Front Left,,Swamp,M14,I or E, ,,Dry
2024-05-12,-13.25406,134.909847,3,Holly  Lourie,Front Left,,Billabong,M14,NP or P, ,,Wet
2024-05-12,-13.25417,134.8637799,2,Holly  Lourie,Front Left,, ,M14,,,,
2024-05-12,-13.25273039,134.8496254,2,Holly  Lourie,Front Left,, ,M26,,,,
2024-05-12,-13.25291309,134.8152469,2,Holly  Lourie,Front Left,, ,M26,,,,
2024-05-12,-13.25463175,134.7930379,2,Holly  Lourie,Front Left,, ,M26,,,,
2024-05-12,-13.25511161,134.7314456,2,Holly  Lourie,Front Left,, ,M26,,,,
2024-05-12,-13.25427491,134.7201,2,Holly  Lourie,Front Left,, ,M26,,,,
2024-05-12,-13.25414,134.6971255,3,Holly  Lourie,Front Left,, ,M26,,,,
2024-05-12,-13.25482928,134.6848908,2,Holly  Lourie,Front Left,, ,M26,,,,
2024-05-12,-13.25479919,134.6736,2,Holly  Lourie,Front Left,, ,M26,,,,
2024-05-12,-13.25445589,134.6555,2,Holly  Lourie,Front Left,, ,M26,,,,
2024-05-12,-13.25433312,134.6432512,2,Holly  Lourie,Front Left,, ,M26,,,,
2024-05-12,-13.25244475,134.607,2,Holly  Lourie,Front Left,, ,M26,,,,
2024-05-12,-13.25384818,134.569884,2,Holly  Lourie,Front Left,, ,M26,,,,
2024-05-12,-13.25280648,134.5503818,2,Holly  Lourie,Front Left,, ,M26,,,,
2024-05-12,-13.25357176,134.4666027,2,Holly  Lourie,Front Left,, ,M26,,,,
2024-05-12,-13.25385,134.4595326,2,Holly  Lourie,Front Left,, ,M26,,,,
2024-05-12,-13.25357129,134.4532066,2,Holly  Lourie,Front Left,, ,M26,,,,
2024-05-12,-13.25542593,134.4287,2,Holly  Lourie,Front Left,, ,M26,,,,
2024-05-12,-13.25424097,134.4158,2,Holly  Lourie,Front Left,, ,M26,,,,
2024-05-12,-13.26996,134.4119,2,Holly  Lourie,Front Left,, ,M26,,,,
2024-05-12,-13.28283,134.323,1,Holly  Lourie,Front Left,, ,M26,,,,
2024-05-12,-13.29554913,134.3154802,2,Holly  Lourie,Front Left,, ,M26,,,,
2024-05-12,-13.31136282,134.3155,2,Holly  Lourie,Front Left,, ,M26,,,,
2024-05-12,-13.32002099,134.3478609,1,Holly  Lourie,Front Left,, ,M26,,,,
2024-05-12,-13.35266,134.355163,1,Holly  Lourie,Front Left,, ,M26,,,,
2024-05-12,-13.35254279,134.366965,1,Holly  Lourie,Front Left,, ,M26,,,,
2024-05-12,-13.35251589,134.4108,2,Holly  Lourie,Front Left,, ,M26,,,,
2024-05-12,-13.35404529,134.4932,2,Holly  Lourie,Front Left,, ,M26,,,,
2024-05-12,-13.37307409,134.5434875,2,Holly  Lourie,Front Left,, ,M26,,,,
2024-05-12,-13.37895891,134.5676903,2,Holly  Lourie,Front Left,, ,M26,,,,
2024-05-12,-13.35281529,134.6529159,2,Holly  Lourie,Front Left,, ,M26,,,,
2024-05-12,-13.35281508,134.8997666,2,Holly  Lourie,Front Left,, ,M26,,,,
2024-05-12,-13.35392064,135.0291,2,Holly  Lourie,Front Left,, ,M26,,,,
2024-05-12,-13.35429338,134.9028448,2,Holly  Lourie,Front Left,, ,M26,,,,
2024-05-12,-13.35342202,134.8126413,2,Holly  Lourie,Front Left,, ,M26,,,,
2024-05-12,-13.35429,134.7895,2,Holly  Lourie,Front Left,, ,M26,,,,
2024-05-12,-13.35413,134.7927884,1,Holly  Lourie,Front Left,, ,M26,,,,
2024-05-12,-13.3545536,134.8013091,1,Holly  Lourie,Front Left,, ,M26,,,,
2024-05-12,-13.35322054,134.8413157,2,Holly  Lourie,Front Left,, ,M26,,,,
2024-05-12,-13.32208,134.849,2,Holly  Lourie,Front Left,, ,M26,,,,
2024-05-12,-13.28821,135.0034504,2,Holly  Lourie,Front Left,, ,M26,,,,
2024-05-12,-13.25865309,134.9987,2,Holly  Lourie,Front Left,, ,M26,,,,
2024-05-12,-13.25098889,134.9987,3,Holly  Lourie,Front Left,, ,M26,,,,
2024-05-12,-13.24075312,134.6917,3,Holly  Lourie,Front Left,, ,M26,,,,
2024-05-12,-13.23316,134.6706,2,Holly  Lourie,Front Left,, ,M26,,,,
2024-05-12,-13.22870221,134.464921,2,Holly  Lourie,Front Left,, ,M26,,,,
2024-05-12,-13.21391028,134.4561927,3,Holly  Lourie,Front Left,, ,M26,,,,
2024-05-12,-13.20011808,134.4354959,2,Holly  Lourie,Front Left,, ,M26,,,,
2024-05-12,-13.19468949,134.3992405,2,Holly  Lourie,Front Left,, ,M26,,,,
2024-05-12,-13.19328919,134.3199,3,Holly  Lourie,Front Left,, ,M26,,,,
2024-05-12,-13.15995628,134.3177,3,Holly  Lourie,Front Left,, ,M26,,,,
2024-05-13,-13.1579984,134.3627,3,Holly  Lourie,Front Left,, ,M26,,,,
2024-05-13,-13.08530469,134.4829,2,Holly  Lourie,Front Left,, ,M26,,,,
2024-05-13,-13.02780651,134.4878,2,Holly  Lourie,Front Left,, ,M26,,,,
2024-05-13,-12.95816908,134.4899,3,Holly  Lourie,Front Left,, ,M26,,,,
2024-05-13,-12.94075,134.4955,2,Holly  Lourie,Front Left,, ,M26,,,,
2024-05-13,-12.89919883,134.5056327,2,Holly  Lourie,Front Left,Spring,Spring,M26,I or NP, ,,Wet
2024-05-13,-12.88763041,134.5662482,2,Holly  Lourie,Front Left,Melaleuca swamp,Melaleuca swamp,M26,I,W507,,Dry
2024-05-13,-12.86564,134.5821,2,Holly  Lourie,Front Left,,Melaleuca swamp,M26,I, ,,Dry
2024-05-13,-12.83546,134.5926,2,Holly  Lourie,Front Left,Melaleuca swamp,Melaleuca swamp,M26,I,RA534,,Dry
2024-05-13,-12.8147904,134.6172,2,Holly  Lourie,Front Left,, ,M26,,,,
2024-05-13,-12.76122,134.650248,2,Holly  Lourie,Front Left,Melaleuca swamp,Melaleuca swamp,M26,NP or P,W593,,Wet
2024-05-13,-12.76207766,134.7476,2,Holly  Lourie,Front Left,, ,M26,,,,
2024-05-13,-12.76028221,134.7498,2,Holly  Lourie,Front Left,, ,M26,,,,
2024-05-13,-12.76069497,134.8149774,2,Holly  Lourie,Front Left,Spring,Spring,M26,P, ,,Wet
2024-05-13,-12.7604639,134.8389114,2,Holly  Lourie,Front Left,Spring,Spring,M26,I, ,,Dry
2024-05-13,-12.76122899,134.8446,2,Holly  Lourie,Front Left,, ,M26,,,,
2024-05-13,-12.77001,134.7364867,2,Holly  Lourie,Front Left,, ,M22,,,,
2024-05-13,-12.77671,134.7345726,2,Holly  Lourie,Front Left,, ,M22,,,,
2024-05-13,-12.77886,134.6216538,3,Holly  Lourie,Front Left,, ,M22,,,,
2024-05-13,-12.82947,134.6082641,2,Holly  Lourie,Front Left,Melaleuca Swamp,Melaleuca Swamp,M22,I,W999,,Dry
2024-05-13,-12.83395374,134.5865993,2,Holly  Lourie,Front Left,, ,M22,,,,
2024-05-13,-12.84492,134.5668801,2,Holly  Lourie,Front Left,, ,M22,,,,
2024-05-13,-12.84998071,134.556,2,Holly  Lourie,Front Left,, ,M22,,,,
2024-05-13,-12.84415035,134.5257793,2,Holly  Lourie,Front Left,, ,M22,,,,
2024-05-13,-12.84303889,134.4079,2,Holly  Lourie,Front Left,, ,M22,,,,
2024-05-13,-12.84614,134.3881,2,Holly  Lourie,Front Left,, ,M22,,,,
2024-05-13,-12.84858,134.3761066,2,Holly  Lourie,Front Left,Spring,Spring,M22,P, ,,Wet
2024-05-13,-12.84803191,134.3146,3,Holly  Lourie,Front Left,, ,M22,,,,
2024-05-13,-12.84910464,133.9975797,2,Holly  Lourie,Front Left,, ,M22,,,,
2024-05-13,-12.84978159,133.982872,2,Holly  Lourie,Front Left,, ,M22,,,,
2024-05-13,-12.85244594,133.9593781,2,Holly  Lourie,Front Left,Spring,River/Spring,M22,P,W1060,,Wet
2024-05-13,-12.93612,133.9657317,2,Holly  Lourie,Front Left,, ,M22,,,,
2024-05-13,-12.94971577,134.0639,2,Holly  Lourie,Front Left,, ,M22,,,,
2024-05-13,-12.95112261,134.0742,2,Holly  Lourie,Front Left,, ,M22,,,,
2024-05-13,-12.97407,134.0961,2,Holly  Lourie,Front Left,, ,M22,,,,
2024-05-13,-12.9937815,134.0996,2,Holly  Lourie,Front Left,Spring,Spring,M22,I or NP, ,,Dry
2024-05-13,-12.99837443,134.1019,2,Holly  Lourie,Front Left,, ,M22,,,,
2024-05-13,-13.12197999,134.33349,2,Holly  Lourie,Front Left,, ,M22,,,,
2024-05-13,-13.13799,134.36552,2,Holly  Lourie,Front Left,, ,M22,,,,
2024-05-13,-12.88037205,134.3723351,2,Holly  Lourie,Front Left,, ,M22,,,,
2024-05-13,-12.87936,134.3745,2,Holly  Lourie,Front Left,, ,M22,,,,
2024-05-13,-12.87936,134.3787,2,Holly  Lourie,Front Left,, ,M22,,,,
2024-05-13,-12.98825,134.40274,2,Holly  Lourie,Front Left,, ,M22,,,,
2024-05-13,-12.95952,134.4216601,2,Holly  Lourie,Front Left,, ,M22,,,,
2024-05-13,-12.91916656,134.449711,2,Holly  Lourie,Front Left,, ,M22,,,,
2024-05-13,-12.91747532,134.4544595,3,Holly  Lourie,Front Left,, ,M22,,,,
2024-05-13,-12.91121497,134.4609052,2,Holly  Lourie,Front Left,, ,M22,,,,
2024-05-13,-12.90394742,134.4942444,3,Holly  Lourie,Front Left,, ,M22,,,,
2024-05-13,-13.51042,134.5011161,2,Holly  Lourie,Front Left,, ,M22,,,,
2024-05-13,-13.53604,134.5176817,2,Holly  Lourie,Front Left,, ,M22,,,,
2024-05-13,-13.61632,134.5223,2,Holly  Lourie,Front Left,, ,M22,,,,
2024-05-13,-13.50734,134.532045,2,Holly  Lourie,Front Left,, ,M22,,,,
2024-05-13,-13.50198,134.6084223,1,Holly  Lourie,Front Left,, ,M22,,,,
2024-05-13,-13.49939,134.6934761,2,Holly  Lourie,Front Left,, ,M22,,,,
2024-05-13,-13.49257,134.7042444,2,Holly  Lourie,Front Left,, ,M22,,,,
2024-05-13,-13.48028639,134.7172624,2,Holly  Lourie,Front Left,, ,M22,,,,
2024-05-13,-13.42480328,134.7252724,2,Holly  Lourie,Front Left,Melaleuca Swamp/Spring,Melaleuca Swamp/Spring,M22,P, ,,Wet
2024-05-13,-13.40788,134.7834,2,Holly  Lourie,Front Left,, ,M22,,,,
2024-05-13,-13.39618,134.7913133,2,Holly  Lourie,Front Left,, ,M22,,,,
2024-05-13,-13.37523,134.7951824,2,Holly  Lourie,Front Left,, ,M22,,,,
2024-05-13,-13.32611097,134.8221847,2,Holly  Lourie,Front Left,, ,M22,,,,
2024-05-13,-13.2549,134.7366385,3,Holly  Lourie,Front Left,, ,M22,,,,
2024-05-13,-13.2526,134.7170081,2,Holly  Lourie,Front Left,, ,M22,,,,
2024-05-13,-13.19052931,134.6251733,2,Holly  Lourie,Front Left,, ,M22,,,,
2024-05-13,-13.16522268,134.6055721,2,Holly  Lourie,Front Left,, ,M22,,,,
2024-05-13,-13.16013,134.4661,2,Holly  Lourie,Front Left,, ,M22,,,,
2024-05-08,-13.11545961,133.9015,2,Andrew Hoskins,Back Right,, ,M06,,,,
2024-05-08,-13.11145842,133.8883,2,Andrew Hoskins,Back Right,, ,M06,,,,
2024-05-08,-13.08861925,133.7576,2,Andrew Hoskins,Back Right,, ,M06,,,,
2024-05-08,-13.08144819,134.1727,1,Andrew Hoskins,Back Right,, ,SW01,,,,
2024-05-11,-13.07096999,134.8366,2,Andrew Hoskins,Back Right,, ,M12,,,,
2024-05-11,-13.06683095,134.9399,1,Andrew Hoskins,Back Right,, ,M12,,,,
2024-05-11,-13.06482,134.899311,2,Andrew Hoskins,Back Right,,River,M14,I or NP, ,,Dry
2024-05-11,-13.06893336,134.3921,3,Andrew Hoskins,Back Right,, ,M14,,,,
,-13.04998,,,,,,,,,,,
,-13.05023,,,,,,,,,,,
,-13.05033323,,,,,,,,,,,
,-13.0492,,,,,,,,,,,
,-13.04862873,,,,,,,,,,,
,-13.04640122,,,,,,,,,,,
,-13.04862589,,,,,,,,,,,
,-13.04441637,,,,,,,,,,,
,-12.99801,,,,,,,,,,,
,-12.99635,,,,,,,,,,,
,-12.99014,,,,,,,,,,,
,-12.989,,,,,,,,,,,
,-12.9883,,,,,,,,,,,
,-12.94516234,,,,,,,,,,,
,-12.94576525,,,,,,,,,,,
,-12.9456631,,,,,,,,,,,
,-12.94499,,,,,,,,,,,
,-12.94499,,,,,,,,,,,
,-12.94552901,,,,,,,,,,,
,-12.94574883,,,,,,,,,,,
,-12.9458605,,,,,,,,,,,
,-12.94512208,,,,,,,,,,,
,-12.94494523,,,,,,,,,,,
,-12.9450906,,,,,,,,,,,
,-12.9460651,,,,,,,,,,,
,-12.94846706,,,,,,,,,,,
,-12.94749,,,,,,,,,,,
,-12.94743476,,,,,,,,,,,
,-12.94779823,,,,,,,,,,,
,-12.95016775,,,,,,,,,,,
,-12.94222705,,,,,,,,,,,
,-12.95074403,,,,,,,,,,,
,-12.94643368,,,,,,,,,,,
,-12.95711,,,,,,,,,,,
,-12.96502715,,,,,,,,,,,
,-12.99051615,,,,,,,,,,,
,-13.07728858,,,,,,,,,,,
,-13.2152143,,,,,,,,,,,
,-13.23920131,,,,,,,,,,,
,-13.28551945,,,,,,,,,,,
,-13.29971711,,,,,,,,,,,
,-13.39651,,,,,,,,,,,
,-13.75377,,,,,,,,,,,
,-13.75365,,,,,,,,,,,
,-13.75278,,,,,,,,,,,
,-13.77992,,,,,,,,,,,
,-13.45397,,,,,,,,,,,
,-13.4545,,,,,,,,,,,
,-13.35206137,,,,,,,,,,,
,-13.5409,,,,,,,,,,,
